Company Name,Company's mission statement or core values,Products or services offered,Founding date and founders,Headquarters location,Key executives or leadership team,Awards or recognitions
www,"Based on the provided text, which appears to be the homepage of the Cartier website:",,"1. Mission Statement/Core Values:  A clear mission statement is not explicitly stated on this page.  However, the focus on ""High Jewelry,"" ""Iconic"" designs, ""Savoir-Faire"" (expertise), and ""Living Legacy"" suggests a commitment to luxury, craftsmanship, heritage, and timeless design.  Further exploration of the ""La Maison"" and ""COMMITMENTS AND CULTURE"" sections of the website would likely offer more detail on their values.",,"2. Products/Services: Cartier offers a wide range of luxury goods, including:","High Jewelry: Unique, elaborate pieces featuring exceptional stones."
www,"1. Mission Statement/Core Values:  While a specific mission statement isn't explicitly stated in the provided text, the tagline ""With Love, Since 1837"" and the emphasis on luxury, craftsmanship, and iconic designs suggest a focus on timeless elegance, quality, and enduring romantic sentiment. The mention of ""responsible sourcing"" also indicates a commitment to ethical practices.",,,"2. Products/Services: Tiffany & Co. offers a wide range of luxury goods, including:",High jewelry (including diamonds and colored gemstones),Engagement and wedding rings
www,"Based on the provided text, which appears to be navigation and marketing material from Bvlgari's official website, we can glean the following:",,"1. Mission Statement/Core Values:  The website doesn't explicitly state a mission statement or core values in this excerpt.  However, phrases like ""A Journey of Magnificence,"" ""Iconic Creations,"" and ""Exquisite craftsmanship"" suggest a focus on luxury, heritage, artistry, and high quality.",,2. Products/Services: Bvlgari offers:,"High Jewelry: Unique, high-value jewelry pieces."
www,"Based on the provided text, which appears to be the Ralph Lauren India website's HTML, we can glean the following:",,"1. Mission Statement/Core Values:  The website focuses heavily on ""timeless American style,"" ""coastal elegance,"" and a sense of family and cherished moments, suggesting these are core values.  A dedicated ""Our Story"" section likely contains a more formal mission or values statement, but the content is not visible in this HTML.",,"2. Products/Services: Ralph Lauren offers a wide range of designer clothing and accessories for men, women, children, and babies.  They also have a homeware line (Ralph Lauren Home) which includes bedding, bath, dining, decor, and gifts. Other offerings mentioned include Ralph's Coffee and Ralph Lauren Pet products. Services include ""Made to Measure"" and Furniture & Rug Care.",
www,"Based on the provided text from Armani.com, here's what we can ascertain:",,"1. Mission Statement/Core Values: The text mentions ""Armani Values"" as a link, but doesn't explicitly state what they are. We would need to follow that link to get the details.",,"2. Products/Services: The site clearly indicates clothing and accessories for both men (""For Him"") and women (""For Her"").  The repetition suggests a wide range of offerings.",
www,"The provided text is an error message from a web browser indicating a problem with the website's security certificate. It does not contain information about the Dior company itself.  Therefore, I cannot answer your questions using this text.  To find the information you're looking for, you should visit the official Dior website (once the security certificate issue is resolved) or search for reputable sources online like business news articles or company directories.",,,,,
www,"The provided text is an error message from a web browser indicating a problem with the website's security certificate.  It does not contain information about the Yves Saint Laurent company itself.  To get the information you're looking for, you need to access the actual website (once the certificate issue is resolved) or search for information about the company using a search engine like Google or Bing.",,,,,
www,Based on the provided text from the Ferrari website:,,"1. Mission Statement/Core Values:  The website doesn't explicitly state a mission statement or core values in this excerpt. It focuses on showcasing their products, racing involvement, and brand experience.  Sustainability is mentioned as a corporate area of focus.",,"2. Products/Services: Ferrari offers a range of sports cars (including new models and past models), a ""pre-owned"" program (Ferrari Approved), and a variety of branded merchandise (Men, Women, Kids, Shoes, Eyewear, Collectibles, Scuderia Ferrari Selection). They also offer experiences such as Corse Clienti (racing programs), Ferrari Esports Series, access to Ferrari Museums, dining (Ristorante Cavallino), and visits to Ferrari theme parks (Ferrari World Abu Dhabi, Ferrari Land Barcelona).",
www,"1. Mission Statement/Core Values: While the exact mission statement isn't explicitly stated, the website emphasizes ""savoir-faire,"" ""attention to detail,"" ""rare handcrafts,"" and the ""power of independence"" suggesting a dedication to  exceptional craftsmanship, tradition, and the highest quality in luxury watchmaking. The ""Patek Philippe Seal"" likely embodies these values as a mark of quality and excellence.  The company's history and family ownership are also highlighted, indicating a focus on legacy and long-term vision.",,,"2. Products/Services: Patek Philippe offers a range of luxury watches for men and women, including:",Grand Complications,Complications
